Company, Apr 08, Apr 07, Apr 06, Apr 05, Apr 04, Apr 03, Apr 02, Apr 01, Mar 31, Mar 30, Mar 29, Mar 28, Mar 27, Mar 26, Mar 25, Mar 24, Mar 23, Mar 22, Mar 21, Mar 20, Mar 19, Mar 18, Mar 17, Mar 16, Mar 15, Mar 14, Mar 13,
Apple,0.12052113395863397,0.06265661964641557,0.08708006403318902,0.06204347900776472,0.12244605142332415,0.07584175084175086,0.002307938011063012,0.10315025252525253,0.08953359683794467,0.07712637741046834,0.07391873278236916,0.045632936507936504,0.23877359982655563,0.12779947916666665,0.10510060926727592,0.04743892472814043,-0.015200617283950621,0.10814864919031586,0.1476448697501329,0.26027288188002473,0.1417630772005772,0.0640754132231405,0.1834170386904762,0.036304640182191206,0.0814573980546203,0.06726988169876101,0.05313401875901877,
Tesla,0.11150919129180004,-0.004812440645773973,-0.028222565793994358,0.04931240551776266,0.0704610164141414,0.06934183673469388,0.024890180878552975,-0.016798140131473464,0.06794832074243838,0.09123258446534308,0.06371289204622538,0.06917036667036668,0.08743365330321852,0.11977672129457843,0.03858718030054237,0.03313699494949495,0.04556900760990268,0.12040505271372619,0.07664380196523053,0.05472968891573543,0.03991240530303031,0.10196236559139785,0.0673045100475656,0.030694444444444448,0.011438663849378137,0.11870427300632003,0.0981334175084175,0.10520833333333335,
Goldman Sachs,0.04828273809523809,0.005633642977392973,0.08139393939393938,0.12461605255209905,0.06338017269468882,-0.0005483630952380913,0.11130824372759857,-0.024909812409812403,0.014917127625460963,0.06948853615520283,0.0,0.17215909090909096,0.08685621648584611,0.03374613481756339,0.011911603721948551,
British Petroleum,0.10931074134199133,0.07582221019721021,0.07807996632996632,0.20163729128014837,0.11637078456522906,0.007279388002044249,0.22321077841911174,0.10606209150326798,0.12159391534391532,0.06089699074074073,-0.08290736620282076,0.1466147186147186,0.0430406746031746,0.06145833333333334,0.09046198593073594,